"party","city","cityName","ctr","ctrName","pop"
"http://dbpedia.org/resource/Brothers_of_Italy","http://dbpedia.org/resource/Cagliari","Cagliari","http://dbpedia.org/resource/Italy","Italy",154460
"http://dbpedia.org/resource/Democratic_Party_(Italy)","http://dbpedia.org/resource/Camaiore","Camaiore","http://dbpedia.org/resource/Italy","Italy",32322
"http://dbpedia.org/resource/Centre-right","http://dbpedia.org/resource/Campagnatico","Campagnatico","http://dbpedia.org/resource/Italy","Italy",2436
"http://dbpedia.org/resource/Five_Star_Movement","http://dbpedia.org/resource/Campobasso","Campobasso","http://dbpedia.org/resource/Italy","Italy",49230
"http://dbpedia.org/resource/Civic_List_(Italy)","http://dbpedia.org/resource/Camponogara","Camponogara","http://dbpedia.org/resource/Italy","Italy",12945
"http://dbpedia.org/resource/Five_Star_Movement","http://dbpedia.org/resource/Canosa_di_Puglia","Canosa di Puglia","http://dbpedia.org/resource/Italy","Italy",29847
"http://dbpedia.org/resource/Democratic_Party_(Italy)","http://dbpedia.org/resource/Capua","Capua","http://dbpedia.org/resource/Italy","Italy",18484
"http://dbpedia.org/resource/Democratic_Party_(Italy)","http://dbpedia.org/resource/Carbonia,_Sardinia","Carbonia, Sardinia","http://dbpedia.org/resource/Italy","Italy",28265
"http://dbpedia.org/resource/Centre-right_coalition_(Italy)","http://dbpedia.org/resource/Carmignano_di_Brenta","Carmignano di Brenta","http://dbpedia.org/resource/Italy","Italy",7609
"http://dbpedia.org/resource/Five_Star_Movement","http://dbpedia.org/resource/Carrara","Carrara","http://dbpedia.org/resource/Italy","Italy",62923
"http://dbpedia.org/resource/Democratic_Party_(Italy)","http://dbpedia.org/resource/Casalecchio_di_Reno","Casalecchio di Reno","http://dbpedia.org/resource/Italy","Italy",36517
"http://dbpedia.org/resource/The_People_of_Freedom","http://dbpedia.org/resource/Casarano","Casarano","http://dbpedia.org/resource/Italy","Italy",20169
"http://dbpedia.org/resource/Partito_Democratico","http://dbpedia.org/resource/Cascina","Cascina","http://dbpedia.org/resource/Italy","Italy",45373
"http://dbpedia.org/resource/Democratic_Party_(Italy)","http://dbpedia.org/resource/Caselle_Torinese","Caselle Torinese","http://dbpedia.org/resource/Italy","Italy",13970
"http://dbpedia.org/resource/The_People_of_Freedom","http://dbpedia.org/resource/Cassano_Magnago","Cassano Magnago","http://dbpedia.org/resource/Italy","Italy",20754
"http://dbpedia.org/resource/The_People_of_Freedom","http://dbpedia.org/resource/Casteggio","Casteggio","http://dbpedia.org/resource/Italy","Italy",6413
"http://dbpedia.org/resource/Civic_list_(Italy)","http://dbpedia.org/resource/Castelforte","Castelforte","http://dbpedia.org/resource/Italy","Italy",4221
"http://dbpedia.org/resource/Centre-left","http://dbpedia.org/resource/Castiglione_della_Pescaia","Castiglione della Pescaia","http://dbpedia.org/resource/Italy","Italy",7289
"http://dbpedia.org/resource/Brothers_of_Italy","http://dbpedia.org/resource/Catania","Catania","http://dbpedia.org/resource/Italy","Italy",311584
"http://dbpedia.org/resource/Democratic_Party_(Italy)","http://dbpedia.org/resource/Catanzaro","Catanzaro","http://dbpedia.org/resource/Italy","Italy",91028
"http://dbpedia.org/resource/Lega_Nord","http://dbpedia.org/resource/Potenza","Potenza","http://dbpedia.org/resource/Italy","Italy",67348
"http://dbpedia.org/resource/Partito_Democratico","http://dbpedia.org/resource/Pozzallo","Pozzallo","http://dbpedia.org/resource/Italy","Italy",19495
"http://dbpedia.org/resource/Democratic_Party_(Italy)","http://dbpedia.org/resource/Pozzuoli","Pozzuoli","http://dbpedia.org/resource/Italy","Italy",81231
"http://dbpedia.org/resource/Civic_list_(Italy)","http://dbpedia.org/resource/Priverno","Priverno","http://dbpedia.org/resource/Italy","Italy",13668
"http://dbpedia.org/resource/South_Tyrolean_People's_Party","http://dbpedia.org/resource/Proveis","Proveis","http://dbpedia.org/resource/Italy","Italy",274
"http://dbpedia.org/resource/Forza_Italia_(2013)","http://dbpedia.org/resource/Puegnago_del_Garda","Puegnago del Garda","http://dbpedia.org/resource/Italy","Italy",3286
"http://dbpedia.org/resource/Democratic_Party_(Italy)","http://dbpedia.org/resource/Quarrata","Quarrata","http://dbpedia.org/resource/Italy","Italy",26268
"http://dbpedia.org/resource/Civic_list_(Italy)","http://dbpedia.org/resource/Rocca_Massima","Rocca Massima","http://dbpedia.org/resource/Italy","Italy",1136
"http://dbpedia.org/resource/The_People_of_Freedom","http://dbpedia.org/resource/Rocca_San_Casciano","Rocca San Casciano","http://dbpedia.org/resource/Italy","Italy",1810
"http://dbpedia.org/resource/Centre-left_politics","http://dbpedia.org/resource/Roccastrada","Roccastrada","http://dbpedia.org/resource/Italy","Italy",8058
"http://dbpedia.org/resource/Civic_List_(Italy)","http://dbpedia.org/resource/Romano_d'Ezzelino","Romano d'Ezzelino","http://dbpedia.org/resource/Italy","Italy",14621
"http://dbpedia.org/resource/Lega_Nord","http://dbpedia.org/resource/Rosà","Rosà","http://dbpedia.org/resource/Italy","Italy",14328
"http://dbpedia.org/resource/Democratic_Party_(Italy)","http://dbpedia.org/resource/Rovereto","Rovereto","http://dbpedia.org/resource/Italy","Italy",39915
"http://dbpedia.org/resource/Centre-left_politics","http://dbpedia.org/resource/Rovigo","Rovigo","http://dbpedia.org/resource/Italy","Italy",50279
"http://dbpedia.org/resource/Forza_Italia_(2013)","http://dbpedia.org/resource/Salò","Salò","http://dbpedia.org/resource/Italy","Italy",10576
"http://dbpedia.org/resource/Lega_Nord","http://dbpedia.org/resource/Samarate","Samarate","http://dbpedia.org/resource/Italy","Italy",16021
"http://dbpedia.org/resource/Civic_list_(Italy)","http://dbpedia.org/resource/San_Benedetto_del_Tronto","San Benedetto del Tronto","http://dbpedia.org/resource/Italy","Italy",47560
"http://dbpedia.org/resource/Democratic_Party_(Italy)","http://dbpedia.org/resource/San_Canzian_d'Isonzo","San Canzian d'Isonzo","http://dbpedia.org/resource/Italy","Italy",6394
"http://dbpedia.org/resource/Democratic_Party_(Italy)","http://dbpedia.org/resource/San_Donato_Milanese","San Donato Milanese","http://dbpedia.org/resource/Italy","Italy",32517
"http://dbpedia.org/resource/Civic_list_(Italy)","http://dbpedia.org/resource/San_Felice_Circeo","San Felice Circeo","http://dbpedia.org/resource/Italy","Italy",10018
"http://dbpedia.org/resource/Italian_Left","http://dbpedia.org/resource/San_Felice_del_Benaco","San Felice del Benaco","http://dbpedia.org/resource/Italy","Italy",3414
"http://dbpedia.org/resource/Democratic_Party_(Italy)","http://dbpedia.org/resource/San_Gimignano","San Gimignano","http://dbpedia.org/resource/Italy","Italy",7780
"http://dbpedia.org/resource/Democratic_Party_(Italy)","http://dbpedia.org/resource/San_Giorgio_a_Cremano","San Giorgio a Cremano","http://dbpedia.org/resource/Italy","Italy",47244
"http://dbpedia.org/resource/Lega_Nord","http://dbpedia.org/resource/San_Giorgio_delle_Pertiche","San Giorgio delle Pertiche","http://dbpedia.org/resource/Italy","Italy",8617
"http://dbpedia.org/resource/Five_Star_Movement","http://dbpedia.org/resource/San_Mauro_Torinese","San Mauro Torinese","http://dbpedia.org/resource/Italy","Italy",18925
"http://dbpedia.org/resource/Lista_Civica","http://dbpedia.org/resource/San_Pietro_in_Gu","San Pietro in Gu","http://dbpedia.org/resource/Italy","Italy",4483
"http://dbpedia.org/resource/The_People_of_Freedom","http://dbpedia.org/resource/San_Salvo","San Salvo","http://dbpedia.org/resource/Italy","Italy",18646
"http://dbpedia.org/resource/Lista_civica","http://dbpedia.org/resource/Saracinesco","Saracinesco","http://dbpedia.org/resource/Italy","Italy",185
"http://dbpedia.org/resource/Five_Star_Movement","http://dbpedia.org/resource/Sarego","Sarego","http://dbpedia.org/resource/Italy","Italy",6794
"http://dbpedia.org/resource/Lega_Nord","http://dbpedia.org/resource/Sassuolo","Sassuolo","http://dbpedia.org/resource/Italy","Italy",40219
"http://dbpedia.org/resource/Free_Democratic_Party_of_Switzerland","http://dbpedia.org/resource/Rorschach,_Switzerland","Rorschach, Switzerland","http://dbpedia.org/resource/Switzerland","Switzerland",
"http://dbpedia.org/resource/Social_Democratic_Party_of_Switzerland","http://dbpedia.org/resource/Schaffhausen","Schaffhausen","http://dbpedia.org/resource/Switzerland","Switzerland",
"http://dbpedia.org/resource/South_Tyrolean_People's_Party","http://dbpedia.org/resource/Schlanders","Schlanders","http://dbpedia.org/resource/Italy","Italy",5990
"http://dbpedia.org/resource/Südtiroler_Volkspartei","http://dbpedia.org/resource/Schnals","Schnals","http://dbpedia.org/resource/Italy","Italy",1345
"http://dbpedia.org/resource/Democratic_Party_(Italy)","http://dbpedia.org/resource/Bari","Bari","http://dbpedia.org/resource/Italy","Italy",316491
"http://dbpedia.org/resource/Centre-right","http://dbpedia.org/resource/Barletta","Barletta","http://dbpedia.org/resource/Italy","Italy",94477
"http://dbpedia.org/resource/Civic_list_(Italy)","http://dbpedia.org/resource/Bassiano","Bassiano","http://dbpedia.org/resource/Italy","Italy",1664
"http://dbpedia.org/resource/Civic_list_(Italy)","http://dbpedia.org/resource/Battipaglia","Battipaglia","http://dbpedia.org/resource/Italy","Italy",50281
"http://dbpedia.org/resource/Democratic_Party_(Italy)","http://dbpedia.org/resource/Bergamo","Bergamo","http://dbpedia.org/resource/Italy","Italy",121200
"http://dbpedia.org/resource/Democratic_Party_(Italy)","http://dbpedia.org/resource/Bolzano","Bolzano","http://dbpedia.org/resource/Italy","Italy",107436
"http://dbpedia.org/resource/The_People_of_Freedom","http://dbpedia.org/resource/Bovolone","Bovolone","http://dbpedia.org/resource/Italy","Italy",16573
"http://dbpedia.org/resource/Democratic_Party_(Italy)","http://dbpedia.org/resource/Brescia","Brescia","http://dbpedia.org/resource/Italy","Italy",200423
"http://dbpedia.org/resource/Forza_Italia_(2013)","http://dbpedia.org/resource/Desenzano_del_Garda","Desenzano del Garda","http://dbpedia.org/resource/Italy","Italy",28856
"http://dbpedia.org/resource/Lega_Nord","http://dbpedia.org/resource/Pavia","Pavia","http://dbpedia.org/resource/Italy","Italy",73086
"http://dbpedia.org/resource/Lega_Nord","http://dbpedia.org/resource/Pertica_Alta","Pertica Alta","http://dbpedia.org/resource/Italy","Italy",595
"http://dbpedia.org/resource/Forza_Italia_(2013)","http://dbpedia.org/resource/Perugia","Perugia","http://dbpedia.org/resource/Italy","Italy",168066
"http://dbpedia.org/resource/Democratic_Party_(Italy)","http://dbpedia.org/resource/Pesaro","Pesaro","http://dbpedia.org/resource/Italy","Italy",95000
"http://dbpedia.org/resource/Forza_Italia_(2013)","http://dbpedia.org/resource/Pescara","Pescara","http://dbpedia.org/resource/Italy","Italy",119554
"http://dbpedia.org/resource/South_Tyrolean_People's_Party","http://dbpedia.org/resource/Pfalzen","Pfalzen","http://dbpedia.org/resource/Italy","Italy",3
"http://dbpedia.org/resource/South_Tyrolean_People's_Party","http://dbpedia.org/resource/Pfitsch","Pfitsch","http://dbpedia.org/resource/Italy","Italy",3
"http://dbpedia.org/resource/Democratic_Party_(Italy)","http://dbpedia.org/resource/Reggio_Calabria","Reggio Calabria","http://dbpedia.org/resource/Italy","Italy",182455
"http://dbpedia.org/resource/Democratic_Party_(Italy)","http://dbpedia.org/resource/Reggio_Emilia","Reggio Emilia","http://dbpedia.org/resource/Italy","Italy",171944
"http://dbpedia.org/resource/Democratic_Party_(Italy)","http://dbpedia.org/resource/Rezzato","Rezzato","http://dbpedia.org/resource/Italy","Italy",13543
"http://dbpedia.org/resource/Democratic_Party_(Italy)","http://dbpedia.org/resource/Rho,_Lombardy","Rho, Lombardy","http://dbpedia.org/resource/Italy","Italy",50558
"http://dbpedia.org/resource/Democratic_Party_(Italy)","http://dbpedia.org/resource/Riccione","Riccione","http://dbpedia.org/resource/Italy","Italy",34659
"http://dbpedia.org/resource/Democratic_Party_(Italy)","http://dbpedia.org/resource/Riesi","Riesi","http://dbpedia.org/resource/Italy","Italy",11678
"http://dbpedia.org/resource/Fratelli_d’Italia","http://dbpedia.org/resource/Rieti","Rieti","http://dbpedia.org/resource/Italy","Italy",47745
"http://dbpedia.org/resource/South_Tyrolean_People's_Party","http://dbpedia.org/resource/Riffian,_South_Tyrol","Riffian, South Tyrol","http://dbpedia.org/resource/Italy","Italy",1306
"http://dbpedia.org/resource/Democratic_Party_(Italy)","http://dbpedia.org/resource/Rimini","Rimini","http://dbpedia.org/resource/Italy","Italy",148688
"http://dbpedia.org/resource/Lista_civica","http://dbpedia.org/resource/Ripalta_Arpina","Ripalta Arpina","http://dbpedia.org/resource/Italy","Italy",997
"http://dbpedia.org/resource/Lega_Nord","http://dbpedia.org/resource/Riva_del_Garda","Riva del Garda","http://dbpedia.org/resource/Italy","Italy",17331
"http://dbpedia.org/resource/Democratic_Party_(Italy)","http://dbpedia.org/resource/Rivalta_di_Torino","Rivalta di Torino","http://dbpedia.org/resource/Italy","Italy",19422
"http://dbpedia.org/resource/Lega_Nord","http://dbpedia.org/resource/Udine","Udine","http://dbpedia.org/resource/Italy","Italy",100170
"http://dbpedia.org/resource/South_Tyrolean_People's_Party","http://dbpedia.org/resource/Ulten","Ulten","http://dbpedia.org/resource/Italy","Italy",2934
"http://dbpedia.org/resource/South_Tyrolean_People's_Party","http://dbpedia.org/resource/Unsere_Liebe_Frau_im_Walde-St._Felix","Unsere Liebe Frau im Walde-St. Felix","http://dbpedia.org/resource/Italy","Italy",786
"http://dbpedia.org/resource/Partito_Democratico","http://dbpedia.org/resource/Valmontone","Valmontone","http://dbpedia.org/resource/Italy","Italy",15219
"http://dbpedia.org/resource/Democratic_Party_(Italy)","http://dbpedia.org/resource/Varese","Varese","http://dbpedia.org/resource/Italy","Italy",80588
"http://dbpedia.org/resource/Democratic_Party_(Italy)","http://dbpedia.org/resource/Venaria_Reale","Venaria Reale","http://dbpedia.org/resource/Italy","Italy",34838
"http://dbpedia.org/resource/Courage_Italy","http://dbpedia.org/resource/Venice","Venice","http://dbpedia.org/resource/Italy","Italy",258685
"http://dbpedia.org/resource/Democratic_Party_(Italy)","http://dbpedia.org/resource/Ventimiglia","Ventimiglia","http://dbpedia.org/resource/Italy","Italy",24120
"http://dbpedia.org/resource/Civic_list_(Italy)","http://dbpedia.org/resource/Ventotene","Ventotene","http://dbpedia.org/resource/Italy","Italy",768
"http://dbpedia.org/resource/Democratic_Party_(Italy)","http://dbpedia.org/resource/Verbania","Verbania","http://dbpedia.org/resource/Italy","Italy",30104
"http://dbpedia.org/resource/Forza_Italia_(2013)","http://dbpedia.org/resource/Vercelli","Vercelli","http://dbpedia.org/resource/Italy","Italy",45875
"http://dbpedia.org/resource/FDP.The_Liberals","http://dbpedia.org/resource/Brig-Glis","Brig-Glis","http://dbpedia.org/resource/Switzerland","Switzerland",2002
"http://dbpedia.org/resource/FDP.The_Liberals","http://dbpedia.org/resource/Brig-Glis","Brig-Glis","http://dbpedia.org/resource/Switzerland","Switzerland",11882
"http://dbpedia.org/resource/Free_Democratic_Party_of_Switzerland","http://dbpedia.org/resource/Rheinfelden_(Aargau)","Rheinfelden (Aargau)","http://dbpedia.org/resource/Switzerland","Switzerland",2007
"http://dbpedia.org/resource/Free_Democratic_Party_of_Switzerland","http://dbpedia.org/resource/Rheinfelden_(Aargau)","Rheinfelden (Aargau)","http://dbpedia.org/resource/Switzerland","Switzerland",10881
"http://dbpedia.org/resource/Christian_Democratic_People's_Party_of_Switzerland","http://dbpedia.org/resource/Riva_San_Vitale","Riva San Vitale","http://dbpedia.org/resource/Switzerland","Switzerland",2004
"http://dbpedia.org/resource/Christian_Democratic_People's_Party_of_Switzerland","http://dbpedia.org/resource/Riva_San_Vitale","Riva San Vitale","http://dbpedia.org/resource/Switzerland","Switzerland",2410
"http://dbpedia.org/resource/FDP.The_Liberals","http://dbpedia.org/resource/Bolligen","Bolligen","http://dbpedia.org/resource/Switzerland","Switzerland",
"http://dbpedia.org/resource/Swiss_People's_Party","http://dbpedia.org/resource/Horgen","Horgen","http://dbpedia.org/resource/Switzerland","Switzerland",
"http://dbpedia.org/resource/Christian_Social_Party_(Switzerland)","http://dbpedia.org/resource/Schmitten,_Fribourg","Schmitten, Fribourg","http://dbpedia.org/resource/Switzerland","Switzerland",
"http://dbpedia.org/resource/Social_Democratic_Party_of_Switzerland","http://dbpedia.org/resource/Uster","Uster","http://dbpedia.org/resource/Switzerland","Switzerland",
"http://dbpedia.org/resource/FDP.The_Liberals","http://dbpedia.org/resource/Davos","Davos","http://dbpedia.org/resource/Switzerland","Switzerland",
"http://dbpedia.org/resource/Partito_Democratico","http://dbpedia.org/resource/Vernio","Vernio","http://dbpedia.org/resource/Italy","Italy",6054
"http://dbpedia.org/resource/Independent_(politician)","http://dbpedia.org/resource/Verona","Verona","http://dbpedia.org/resource/Italy","Italy",258031
"http://dbpedia.org/resource/Centre-right","http://dbpedia.org/resource/Vicenza","Vicenza","http://dbpedia.org/resource/Italy","Italy",111980
"http://dbpedia.org/resource/Lega_Nord","http://dbpedia.org/resource/Vigevano","Vigevano","http://dbpedia.org/resource/Italy","Italy",63459
"http://dbpedia.org/resource/Civic_List_(Italy)","http://dbpedia.org/resource/Vigonza","Vigonza","http://dbpedia.org/resource/Italy","Italy",20421
"http://dbpedia.org/resource/Lega_Nord","http://dbpedia.org/resource/Villorba","Villorba","http://dbpedia.org/resource/Italy","Italy",18056
"http://dbpedia.org/resource/Lega_Nord","http://dbpedia.org/resource/Cordenons","Cordenons","http://dbpedia.org/resource/Italy","Italy",18433
"http://dbpedia.org/resource/Democratic_Party_(Italy)","http://dbpedia.org/resource/Cori,_Lazio","Cori, Lazio","http://dbpedia.org/resource/Italy","Italy",10978
"http://dbpedia.org/resource/Federation_of_the_Greens","http://dbpedia.org/resource/Corigliano-Rossano","Corigliano-Rossano","http://dbpedia.org/resource/Italy","Italy",77220
"http://dbpedia.org/resource/Independent_politician","http://dbpedia.org/resource/Corigliano-Rossano","Corigliano-Rossano","http://dbpedia.org/resource/Italy","Italy",77220
"http://dbpedia.org/resource/Lega_Nord","http://dbpedia.org/resource/Cornate_d'Adda","Cornate d'Adda","http://dbpedia.org/resource/Italy","Italy",10710
"http://dbpedia.org/resource/Lega_Nord","http://dbpedia.org/resource/Corsico","Corsico","http://dbpedia.org/resource/Italy","Italy",34189
"http://dbpedia.org/resource/Civic_List_(Italy)","http://dbpedia.org/resource/Corte_de'_Frati","Corte de' Frati","http://dbpedia.org/resource/Italy","Italy",1359
"http://dbpedia.org/resource/Independent_politician","http://dbpedia.org/resource/Courmayeur","Courmayeur","http://dbpedia.org/resource/Italy","Italy",2870
"http://dbpedia.org/resource/Democratic_Party_(Italy)","http://dbpedia.org/resource/Crema,_Lombardy","Crema, Lombardy","http://dbpedia.org/resource/Italy","Italy",34264
"http://dbpedia.org/resource/Democratic_Party_(Italy)","http://dbpedia.org/resource/Cremona","Cremona","http://dbpedia.org/resource/Italy","Italy",71223
"http://dbpedia.org/resource/Civic_List_(Italy)","http://dbpedia.org/resource/Crotone","Crotone","http://dbpedia.org/resource/Italy","Italy",64603
"http://dbpedia.org/resource/Five_Star_Movement","http://dbpedia.org/resource/Matera","Matera","http://dbpedia.org/resource/Italy","Italy",60403
"http://dbpedia.org/resource/Partito_Democratico)","http://dbpedia.org/resource/Melegnano","Melegnano","http://dbpedia.org/resource/Italy","Italy",18101
"http://dbpedia.org/resource/Democratic_Party_(Italy)","http://dbpedia.org/resource/Ruvo_di_Puglia","Ruvo di Puglia","http://dbpedia.org/resource/Italy","Italy",25341
"http://dbpedia.org/resource/Civic_list_(Italy)","http://dbpedia.org/resource/Sabaudia","Sabaudia","http://dbpedia.org/resource/Italy","Italy",20613
"http://dbpedia.org/resource/Democratic_Party_(Italy)","http://dbpedia.org/resource/Salerno","Salerno","http://dbpedia.org/resource/Italy","Italy",133199
"http://dbpedia.org/resource/South_Tyrolean_People's_Party","http://dbpedia.org/resource/Salorno","Salorno","http://dbpedia.org/resource/Italy","Italy",3802
"http://dbpedia.org/resource/Partito_Democratico","http://dbpedia.org/resource/Salsomaggiore_Terme","Salsomaggiore Terme","http://dbpedia.org/resource/Italy","Italy",20051
"http://dbpedia.org/resource/Brothers_of_Italy","http://dbpedia.org/resource/Città_Sant'Angelo","Città Sant'Angelo","http://dbpedia.org/resource/Italy","Italy",14786
"http://dbpedia.org/resource/Democratic_Party_(Italy)","http://dbpedia.org/resource/Città_di_Castello","Città di Castello","http://dbpedia.org/resource/Italy","Italy",39286
"http://dbpedia.org/resource/Movimento_Cinque_Stelle","http://dbpedia.org/resource/Civitavecchia","Civitavecchia","http://dbpedia.org/resource/Italy","Italy",53027
"http://dbpedia.org/resource/Partito_Autonomista_Trentino_Tirolese","http://dbpedia.org/resource/Cles","Cles","http://dbpedia.org/resource/Italy","Italy",7009
"http://dbpedia.org/resource/Left_(political_attitude)","http://dbpedia.org/resource/Frascati","Frascati","http://dbpedia.org/resource/Italy","Italy",22680
"http://dbpedia.org/resource/Democratic_Party_(Italy)","http://dbpedia.org/resource/Frattamaggiore","Frattamaggiore","http://dbpedia.org/resource/Italy","Italy",29929
"http://dbpedia.org/resource/Forza_Italia","http://dbpedia.org/resource/Frosinone","Frosinone","http://dbpedia.org/resource/Italy","Italy",44087
"http://dbpedia.org/resource/South_Tyrolean_People's_Party","http://dbpedia.org/resource/Gais,_South_Tyrol","Gais, South Tyrol","http://dbpedia.org/resource/Italy","Italy",3162
"http://dbpedia.org/resource/Lega_Nord","http://dbpedia.org/resource/Garbagnate_Milanese","Garbagnate Milanese","http://dbpedia.org/resource/Italy","Italy",27226
"http://dbpedia.org/resource/Civic_List_(Italy)","http://dbpedia.org/resource/Gazzo,_Veneto","Gazzo, Veneto","http://dbpedia.org/resource/Italy","Italy",4302
"http://dbpedia.org/resource/Civic_List_(Italy)","http://dbpedia.org/resource/Gela","Gela","http://dbpedia.org/resource/Italy","Italy",75001
"http://dbpedia.org/resource/Democratic_Party_(Italy)","http://dbpedia.org/resource/Genzano_di_Roma","Genzano di Roma","http://dbpedia.org/resource/Italy","Italy",24072
"http://dbpedia.org/resource/Forza_Italia_(2013)","http://dbpedia.org/resource/Gorizia","Gorizia","http://dbpedia.org/resource/Italy","Italy",34428
"http://dbpedia.org/resource/Democratic_Party_(Italy)","http://dbpedia.org/resource/Gravina_in_Puglia","Gravina in Puglia","http://dbpedia.org/resource/Italy","Italy",43775
"http://dbpedia.org/resource/Centre-left_coalition_(Italy)","http://dbpedia.org/resource/Minori,_Campania","Minori, Campania","http://dbpedia.org/resource/Italy","Italy",2687
"http://dbpedia.org/resource/Democratic_Party_(Italy)","http://dbpedia.org/resource/Mirano","Mirano","http://dbpedia.org/resource/Italy","Italy",27083
"http://dbpedia.org/resource/Democratic_Party_(Italy)","http://dbpedia.org/resource/Modena","Modena","http://dbpedia.org/resource/Italy","Italy",184732
"http://dbpedia.org/resource/Democratic_Party_(Italy)","http://dbpedia.org/resource/Moncalieri","Moncalieri","http://dbpedia.org/resource/Italy","Italy",56134
"http://dbpedia.org/resource/Democratic_Party_(Italy)","http://dbpedia.org/resource/Moniga_del_Garda","Moniga del Garda","http://dbpedia.org/resource/Italy","Italy",2556
"http://dbpedia.org/resource/Forza_Italia_(2013)","http://dbpedia.org/resource/Monopoli","Monopoli","http://dbpedia.org/resource/Italy","Italy",49246
"http://dbpedia.org/resource/Lega_Nord","http://dbpedia.org/resource/Monselice","Monselice","http://dbpedia.org/resource/Italy","Italy",18682
"http://dbpedia.org/resource/Green_Party_of_Switzerland","http://dbpedia.org/resource/Vevey","Vevey","http://dbpedia.org/resource/Switzerland","Switzerland",2007
"http://dbpedia.org/resource/Green_Party_of_Switzerland","http://dbpedia.org/resource/Vevey","Vevey","http://dbpedia.org/resource/Switzerland","Switzerland",17287
"http://dbpedia.org/resource/Free_Democratic_Party_of_Switzerland","http://dbpedia.org/resource/Frauenfeld","Frauenfeld","http://dbpedia.org/resource/Switzerland","Switzerland",2007
"http://dbpedia.org/resource/Free_Democratic_Party_of_Switzerland","http://dbpedia.org/resource/Frauenfeld","Frauenfeld","http://dbpedia.org/resource/Switzerland","Switzerland",22313
"http://dbpedia.org/resource/Free_Democratic_Party_of_Switzerland","http://dbpedia.org/resource/Gais","Gais","http://dbpedia.org/resource/Switzerland","Switzerland",2014
"http://dbpedia.org/resource/Free_Democratic_Party_of_Switzerland","http://dbpedia.org/resource/Gais","Gais","http://dbpedia.org/resource/Switzerland","Switzerland",3089
"http://dbpedia.org/resource/Freisinnig-Demokratische_Partei","http://dbpedia.org/resource/Embrach","Embrach","http://dbpedia.org/resource/Switzerland","Switzerland",
"http://dbpedia.org/resource/Free_Democratic_Party_of_Switzerland","http://dbpedia.org/resource/Ennetbaden","Ennetbaden","http://dbpedia.org/resource/Switzerland","Switzerland",
"http://dbpedia.org/resource/Swiss_People's_Party","http://dbpedia.org/resource/Eglisau","Eglisau","http://dbpedia.org/resource/Switzerland","Switzerland",
"http://dbpedia.org/resource/Christian_Democratic_People's_Party_of_Switzerland","http://dbpedia.org/resource/Engelberg","Engelberg","http://dbpedia.org/resource/Switzerland","Switzerland",
"http://dbpedia.org/resource/Democratic_Party_(Italy)","http://dbpedia.org/resource/Montalcino","Montalcino","http://dbpedia.org/resource/Italy","Italy",5920
"http://dbpedia.org/resource/Democratic_Party_(Italy)","http://dbpedia.org/resource/Monte_Compatri","Monte Compatri","http://dbpedia.org/resource/Italy","Italy",12144
"http://dbpedia.org/resource/Union_of_Christian_and_Centre_Democrats","http://dbpedia.org/resource/Montebello_Vicentino","Montebello Vicentino","http://dbpedia.org/resource/Italy","Italy",6544
"http://dbpedia.org/resource/Lega_Nord","http://dbpedia.org/resource/Montebelluna","Montebelluna","http://dbpedia.org/resource/Italy","Italy",32000
"http://dbpedia.org/resource/Centre_(politics)","http://dbpedia.org/resource/Montefalcione","Montefalcione","http://dbpedia.org/resource/Italy","Italy",3461
"http://dbpedia.org/resource/Democratic_Party_(Italy)","http://dbpedia.org/resource/Montepulciano","Montepulciano","http://dbpedia.org/resource/Italy","Italy",13984
"http://dbpedia.org/resource/Democratic_Party_(Italy)","http://dbpedia.org/resource/Monteriggioni","Monteriggioni","http://dbpedia.org/resource/Italy","Italy",10099
"http://dbpedia.org/resource/Lega_(political_party)","http://dbpedia.org/resource/Montesilvano","Montesilvano","http://dbpedia.org/resource/Italy","Italy",53738
"http://dbpedia.org/resource/Democratic_Party_(Italy)","http://dbpedia.org/resource/Monza","Monza","http://dbpedia.org/resource/Italy","Italy",124398
"http://dbpedia.org/resource/South_Tyrolean_People's_Party","http://dbpedia.org/resource/Nals","Nals","http://dbpedia.org/resource/Italy","Italy",1815
"http://dbpedia.org/resource/Democratic_Party_(Italy)","http://dbpedia.org/resource/Andria","Andria","http://dbpedia.org/resource/Italy","Italy",99784
"http://dbpedia.org/resource/South_Tyrolean_People's_Party","http://dbpedia.org/resource/Andrian,_South_Tyrol","Andrian, South Tyrol","http://dbpedia.org/resource/Italy","Italy",1043
"http://dbpedia.org/resource/Lista_civica","http://dbpedia.org/resource/Antegnate","Antegnate","http://dbpedia.org/resource/Italy","Italy",3216
"http://dbpedia.org/resource/Independent_politician","http://dbpedia.org/resource/Aosta","Aosta","http://dbpedia.org/resource/Italy","Italy",34800
"http://dbpedia.org/resource/Civic_list_(Italy)","http://dbpedia.org/resource/Aprilia,_Lazio","Aprilia, Lazio","http://dbpedia.org/resource/Italy","Italy",74977
"http://dbpedia.org/resource/Democratic_Party_(Italy)","http://dbpedia.org/resource/Lecce","Lecce","http://dbpedia.org/resource/Italy","Italy",95766
"http://dbpedia.org/resource/Democratic_Party_(Italy)","http://dbpedia.org/resource/Lecco","Lecco","http://dbpedia.org/resource/Italy","Italy",48366
"http://dbpedia.org/resource/Forza_Italia","http://dbpedia.org/resource/Lignano_Sabbiadoro","Lignano Sabbiadoro","http://dbpedia.org/resource/Italy","Italy",6837
"http://dbpedia.org/resource/Democratic_Party_(Italy)","http://dbpedia.org/resource/Lodi,_Lombardy","Lodi, Lombardy","http://dbpedia.org/resource/Italy","Italy",45212
"http://dbpedia.org/resource/Forza_Italia_(2013)","http://dbpedia.org/resource/Lonato_del_Garda","Lonato del Garda","http://dbpedia.org/resource/Italy","Italy",16507
"http://dbpedia.org/resource/Lista_civica","http://dbpedia.org/resource/Lucera","Lucera","http://dbpedia.org/resource/Italy","Italy",34243
"http://dbpedia.org/resource/Forza_Italia_(2013)","http://dbpedia.org/resource/Magenta,_Lombardy","Magenta, Lombardy","http://dbpedia.org/resource/Italy","Italy",23724
"http://dbpedia.org/resource/Democratic_Party_(Italy)","http://dbpedia.org/resource/Malnate","Malnate","http://dbpedia.org/resource/Italy","Italy",16375
"http://dbpedia.org/resource/Forza_Italia_(2013)","http://dbpedia.org/resource/Sirmione","Sirmione","http://dbpedia.org/resource/Italy","Italy",8230
"http://dbpedia.org/resource/Centre-left","http://dbpedia.org/resource/Stra","Stra","http://dbpedia.org/resource/Italy","Italy",7644
"http://dbpedia.org/resource/Five_Star_Movement","http://dbpedia.org/resource/Augusta,_Sicily","Augusta, Sicily","http://dbpedia.org/resource/Italy","Italy",35854
"http://dbpedia.org/resource/Independent_politician","http://dbpedia.org/resource/Avezzano","Avezzano","http://dbpedia.org/resource/Italy","Italy",40705
"http://dbpedia.org/resource/Brothers_of_Italy","http://dbpedia.org/resource/Avola","Avola","http://dbpedia.org/resource/Italy","Italy",31407
"http://dbpedia.org/resource/Democratic_Party_(Italy)","http://dbpedia.org/resource/Azzano_Mella","Azzano Mella","http://dbpedia.org/resource/Italy","Italy",3017
"http://dbpedia.org/resource/Democratic_Party_(Italy)","http://dbpedia.org/resource/Bagnacavallo","Bagnacavallo","http://dbpedia.org/resource/Italy","Italy",16758
"http://dbpedia.org/resource/South_Tyrolean_People's_Party","http://dbpedia.org/resource/Brixen","Brixen","http://dbpedia.org/resource/Italy","Italy",21416
"http://dbpedia.org/resource/Forza_Italia_(2013)","http://dbpedia.org/resource/Busto_Arsizio","Busto Arsizio","http://dbpedia.org/resource/Italy","Italy",83405
"http://dbpedia.org/resource/Christian_Democratic_People's_Party_of_Switzerland","http://dbpedia.org/resource/Morbio_Inferiore","Morbio Inferiore","http://dbpedia.org/resource/Switzerland","Switzerland",2005
"http://dbpedia.org/resource/Christian_Democratic_People's_Party_of_Switzerland","http://dbpedia.org/resource/Morbio_Inferiore","Morbio Inferiore","http://dbpedia.org/resource/Switzerland","Switzerland",4284
"http://dbpedia.org/resource/Social_Democratic_Party_of_Switzerland","http://dbpedia.org/resource/Lenzburg","Lenzburg","http://dbpedia.org/resource/Switzerland","Switzerland",2006
"http://dbpedia.org/resource/Social_Democratic_Party_of_Switzerland","http://dbpedia.org/resource/Lenzburg","Lenzburg","http://dbpedia.org/resource/Switzerland","Switzerland",7731
"http://dbpedia.org/resource/FDP.The_Liberals","http://dbpedia.org/resource/Lyss","Lyss","http://dbpedia.org/resource/Switzerland","Switzerland",13
"http://dbpedia.org/resource/Christian_Democratic_People's_Party_of_Switzerland","http://dbpedia.org/resource/Balerna","Balerna","http://dbpedia.org/resource/Switzerland","Switzerland",2008
"http://dbpedia.org/resource/Christian_Democratic_People's_Party_of_Switzerland","http://dbpedia.org/resource/Balerna","Balerna","http://dbpedia.org/resource/Switzerland","Switzerland",3478
"http://dbpedia.org/resource/Social_Democratic_Party_of_Switzerland","http://dbpedia.org/resource/Burgdorf,_Switzerland","Burgdorf, Switzerland","http://dbpedia.org/resource/Switzerland","Switzerland",2015
"http://dbpedia.org/resource/Social_Democratic_Party_of_Switzerland","http://dbpedia.org/resource/Burgdorf,_Switzerland","Burgdorf, Switzerland","http://dbpedia.org/resource/Switzerland","Switzerland",16228
"http://dbpedia.org/resource/Social_Democratic_Party_of_Switzerland","http://dbpedia.org/resource/Lucerne","Lucerne","http://dbpedia.org/resource/Switzerland","Switzerland",
"http://dbpedia.org/resource/FDP.The_Liberals","http://dbpedia.org/resource/Zug","Zug","http://dbpedia.org/resource/Switzerland","Switzerland",
"http://dbpedia.org/resource/FDP.The_Liberals","http://dbpedia.org/resource/Murten","Murten","http://dbpedia.org/resource/Switzerland","Switzerland",
"http://dbpedia.org/resource/Swiss_People's_Party","http://dbpedia.org/resource/Büetigen","Büetigen","http://dbpedia.org/resource/Switzerland","Switzerland",
"http://dbpedia.org/resource/Free_Democratic_Party_of_Switzerland","http://dbpedia.org/resource/Stans","Stans","http://dbpedia.org/resource/Switzerland","Switzerland",
"http://dbpedia.org/resource/FDP.The_Liberals","http://dbpedia.org/resource/Muri_bei_Bern","Muri bei Bern","http://dbpedia.org/resource/Switzerland","Switzerland",
"http://dbpedia.org/resource/Swiss_People's_Party","http://dbpedia.org/resource/Zollikofen","Zollikofen","http://dbpedia.org/resource/Switzerland","Switzerland",
"http://dbpedia.org/resource/Free_Democratic_Party_of_Switzerland","http://dbpedia.org/resource/Arbon","Arbon","http://dbpedia.org/resource/Switzerland","Switzerland",
"http://dbpedia.org/resource/Social_Democratic_Party_of_Switzerland","http://dbpedia.org/resource/Zürich","Zürich","http://dbpedia.org/resource/Switzerland","Switzerland",
"http://dbpedia.org/resource/Ticino_League","http://dbpedia.org/resource/Lugano","Lugano","http://dbpedia.org/resource/Switzerland","Switzerland",
"http://dbpedia.org/resource/Democratic_Party_(Italy)","http://dbpedia.org/resource/Cefalù","Cefalù","http://dbpedia.org/resource/Italy","Italy",13777
"http://dbpedia.org/resource/Democratic_Party_(Italy)","http://dbpedia.org/resource/Cento","Cento","http://dbpedia.org/resource/Italy","Italy",35837
"http://dbpedia.org/resource/Lega_Nord","http://dbpedia.org/resource/Ceriano_Laghetto","Ceriano Laghetto","http://dbpedia.org/resource/Italy","Italy",6521
"http://dbpedia.org/resource/Democratic_Party_(Italy)","http://dbpedia.org/resource/Certaldo","Certaldo","http://dbpedia.org/resource/Italy","Italy",16004
"http://dbpedia.org/resource/Democratic_Party_(Italy)","http://dbpedia.org/resource/Cesena","Cesena","http://dbpedia.org/resource/Italy","Italy",97137
"http://dbpedia.org/resource/South_Tyrolean_People's_Party","http://dbpedia.org/resource/Tisens","Tisens","http://dbpedia.org/resource/Italy","Italy",1845
"http://dbpedia.org/resource/Forza_Italia_(Italy)","http://dbpedia.org/resource/Todi","Todi","http://dbpedia.org/resource/Italy","Italy",17016
"http://dbpedia.org/resource/The_People_of_Freedom","http://dbpedia.org/resource/Tolentino","Tolentino","http://dbpedia.org/resource/Italy","Italy",18858
"http://dbpedia.org/resource/Civic_List_(Italy)","http://dbpedia.org/resource/Torella_dei_Lombardi","Torella dei Lombardi","http://dbpedia.org/resource/Italy","Italy",2081
"http://dbpedia.org/resource/Centre-right_coalition_(Italy)","http://dbpedia.org/resource/Tortoreto","Tortoreto","http://dbpedia.org/resource/Italy","Italy",11890
"http://dbpedia.org/resource/Democratic_Party_(Italy)","http://dbpedia.org/resource/Trapani","Trapani","http://dbpedia.org/resource/Italy","Italy",67531
"http://dbpedia.org/resource/Lega_Nord","http://dbpedia.org/resource/Treviso","Treviso","http://dbpedia.org/resource/Italy","Italy",85760
"http://dbpedia.org/resource/Forza_Italia_(2013)","http://dbpedia.org/resource/Trieste","Trieste","http://dbpedia.org/resource/Italy","Italy",204338
"http://dbpedia.org/resource/South_Tyrolean_People's_Party","http://dbpedia.org/resource/Truden_im_Naturpark","Truden im Naturpark","http://dbpedia.org/resource/Italy","Italy",1007
"http://dbpedia.org/resource/Democratic_Party_(Italy)","http://dbpedia.org/resource/Turin","Turin","http://dbpedia.org/resource/Italy","Italy",847287
"http://dbpedia.org/resource/South_Tyrolean_People's_Party","http://dbpedia.org/resource/Völs_am_Schlern","Völs am Schlern","http://dbpedia.org/resource/Italy","Italy",3463
"http://dbpedia.org/resource/Union_of_the_Centre_(2008)","http://dbpedia.org/resource/Acerra","Acerra","http://dbpedia.org/resource/Italy","Italy",59910
"http://dbpedia.org/resource/Five_Star_Movement","http://dbpedia.org/resource/Acqui_Terme","Acqui Terme","http://dbpedia.org/resource/Italy","Italy",19961
"http://dbpedia.org/resource/Civic_List_(Italy)","http://dbpedia.org/resource/Agrigento","Agrigento","http://dbpedia.org/resource/Italy","Italy",59791
"http://dbpedia.org/resource/South_Tyrolean_People's_Party","http://dbpedia.org/resource/Ahrntal","Ahrntal","http://dbpedia.org/resource/Italy","Italy",5968
"http://dbpedia.org/resource/Democratic_Party_(Italy)","http://dbpedia.org/resource/Alatri","Alatri","http://dbpedia.org/resource/Italy","Italy",28807
"http://dbpedia.org/resource/Centre-right_politics","http://dbpedia.org/resource/Alghero","Alghero","http://dbpedia.org/resource/Italy","Italy",43945
"http://dbpedia.org/resource/Lega_Nord","http://dbpedia.org/resource/Almenno_San_Salvatore","Almenno San Salvatore","http://dbpedia.org/resource/Italy","Italy",5573
"http://dbpedia.org/resource/Democratic_Party_(Italy)","http://dbpedia.org/resource/Ancona","Ancona","http://dbpedia.org/resource/Italy","Italy",101300
"http://dbpedia.org/resource/Democratic_Party_(Italy)","http://dbpedia.org/resource/Cuneo","Cuneo","http://dbpedia.org/resource/Italy","Italy",55980
"http://dbpedia.org/resource/Article_One_(political_party)","http://dbpedia.org/resource/Eboli","Eboli","http://dbpedia.org/resource/Italy","Italy",37488
"http://dbpedia.org/resource/Democratic_Party_(Italy)","http://dbpedia.org/resource/Fano","Fano","http://dbpedia.org/resource/Italy","Italy",60978
"http://dbpedia.org/resource/Action_(Italy)","http://dbpedia.org/resource/Ferla","Ferla","http://dbpedia.org/resource/Italy","Italy",2450
"http://dbpedia.org/resource/Lista_civica","http://dbpedia.org/resource/Fermo","Fermo","http://dbpedia.org/resource/Italy","Italy",37732
"http://dbpedia.org/resource/Lega_Nord","http://dbpedia.org/resource/Ferrara","Ferrara","http://dbpedia.org/resource/Italy","Italy",132009
"http://dbpedia.org/resource/Democratic_Party_(Italy)","http://dbpedia.org/resource/Figline_e_Incisa_Valdarno","Figline e Incisa Valdarno","http://dbpedia.org/resource/Italy","Italy",23376
"http://dbpedia.org/resource/Lista_Civica","http://dbpedia.org/resource/Filetto","Filetto","http://dbpedia.org/resource/Italy","Italy",930
"http://dbpedia.org/resource/Democratic_Party_(Italy)","http://dbpedia.org/resource/Florence","Florence","http://dbpedia.org/resource/Italy","Italy",383083
"http://dbpedia.org/resource/Forza_Italia_(2013)","http://dbpedia.org/resource/Fondi","Fondi","http://dbpedia.org/resource/Italy","Italy",39762
"http://dbpedia.org/resource/Lega_Nord","http://dbpedia.org/resource/Forlì","Forlì","http://dbpedia.org/resource/Italy","Italy",116700
"http://dbpedia.org/resource/Civic_list_(Italy)","http://dbpedia.org/resource/Norma,_Lazio","Norma, Lazio","http://dbpedia.org/resource/Italy","Italy",3976
"http://dbpedia.org/resource/Centre-Left","http://dbpedia.org/resource/Novellara","Novellara","http://dbpedia.org/resource/Italy","Italy",13670
"http://dbpedia.org/resource/Swiss_People's_Party","http://dbpedia.org/resource/Thun","Thun","http://dbpedia.org/resource/Switzerland","Switzerland",2012
"http://dbpedia.org/resource/Swiss_People's_Party","http://dbpedia.org/resource/Thun","Thun","http://dbpedia.org/resource/Switzerland","Switzerland",42735
"http://dbpedia.org/resource/Free_Democratic_Party_of_Switzerland","http://dbpedia.org/resource/Wiesendangen","Wiesendangen","http://dbpedia.org/resource/Switzerland","Switzerland",2011
"http://dbpedia.org/resource/Free_Democratic_Party_of_Switzerland","http://dbpedia.org/resource/Wiesendangen","Wiesendangen","http://dbpedia.org/resource/Switzerland","Switzerland",5977
"http://dbpedia.org/resource/FDP.The_Liberals","http://dbpedia.org/resource/Aarberg","Aarberg","http://dbpedia.org/resource/Switzerland","Switzerland",2008
"http://dbpedia.org/resource/FDP.The_Liberals","http://dbpedia.org/resource/Aarberg","Aarberg","http://dbpedia.org/resource/Switzerland","Switzerland",3963
"http://dbpedia.org/resource/Christian_Democratic_People's_Party_of_Switzerland","http://dbpedia.org/resource/Winterthur","Winterthur","http://dbpedia.org/resource/Switzerland","Switzerland",
"http://dbpedia.org/resource/Social_Democratic_Party_of_Switzerland","http://dbpedia.org/resource/Aesch,_Basel-Landschaft","Aesch, Basel-Landschaft","http://dbpedia.org/resource/Switzerland","Switzerland",
"http://dbpedia.org/resource/Free_Democratic_Party_of_Switzerland","http://dbpedia.org/resource/Widen","Widen","http://dbpedia.org/resource/Switzerland","Switzerland",
"http://dbpedia.org/resource/Free_Democratic_Party_of_Switzerland","http://dbpedia.org/resource/Amriswil","Amriswil","http://dbpedia.org/resource/Switzerland","Switzerland",
"http://dbpedia.org/resource/Christian_Democratic_People's_Party_of_Switzerland","http://dbpedia.org/resource/Adligenswil","Adligenswil","http://dbpedia.org/resource/Switzerland","Switzerland",
"http://dbpedia.org/resource/Christian_Democratic_People's_Party_of_Switzerland","http://dbpedia.org/resource/Walchwil","Walchwil","http://dbpedia.org/resource/Switzerland","Switzerland",
"http://dbpedia.org/resource/Christian_Democratic_People's_Party_of_Switzerland","http://dbpedia.org/resource/Adliswil","Adliswil","http://dbpedia.org/resource/Switzerland","Switzerland",
"http://dbpedia.org/resource/Christian_Democratic_People's_Party_of_Switzerland","http://dbpedia.org/resource/Wil","Wil","http://dbpedia.org/resource/Switzerland","Switzerland",
"http://dbpedia.org/resource/FDP.The_Liberals","http://dbpedia.org/resource/Allschwil","Allschwil","http://dbpedia.org/resource/Switzerland","Switzerland",
"http://dbpedia.org/resource/Free-thinking_Democratic_Party_of_Switzerland","http://dbpedia.org/resource/Aarau","Aarau","http://dbpedia.org/resource/Switzerland","Switzerland",
"http://dbpedia.org/resource/Civic_List_(Italy)","http://dbpedia.org/resource/Nuoro","Nuoro","http://dbpedia.org/resource/Italy","Italy",36347
"http://dbpedia.org/resource/Lista_civica","http://dbpedia.org/resource/Osio_Sotto","Osio Sotto","http://dbpedia.org/resource/Italy","Italy",12600
"http://dbpedia.org/resource/Democratic_Party_(Italy)","http://dbpedia.org/resource/Padenghe_sul_Garda","Padenghe sul Garda","http://dbpedia.org/resource/Italy","Italy",4622
"http://dbpedia.org/resource/Democratic_Party_(Italy)","http://dbpedia.org/resource/Padua","Padua","http://dbpedia.org/resource/Italy","Italy",214125
"http://dbpedia.org/resource/Democratic_Party_(Italy)","http://dbpedia.org/resource/Palazzolo_sull'Oglio","Palazzolo sull'Oglio","http://dbpedia.org/resource/Italy","Italy",19883
"http://dbpedia.org/resource/Union_of_the_Centre_(2002)","http://dbpedia.org/resource/Palermo","Palermo","http://dbpedia.org/resource/Italy","Italy",676118
"http://dbpedia.org/resource/The_People_of_Freedom","http://dbpedia.org/resource/Palmi,_Calabria","Palmi, Calabria","http://dbpedia.org/resource/Italy","Italy",19569
"http://dbpedia.org/resource/Partito_Democratico","http://dbpedia.org/resource/Panicale","Panicale","http://dbpedia.org/resource/Italy","Italy",5669
"http://dbpedia.org/resource/Centre-right_in_Italy","http://dbpedia.org/resource/Grosseto","Grosseto","http://dbpedia.org/resource/Italy","Italy",82131
"http://dbpedia.org/resource/Democratic_Party_(Italy)","http://dbpedia.org/resource/Grugliasco","Grugliasco","http://dbpedia.org/resource/Italy","Italy",36700
"http://dbpedia.org/resource/Left_Ecology_Freedom","http://dbpedia.org/resource/Gubbio","Gubbio","http://dbpedia.org/resource/Italy","Italy",32998
"http://dbpedia.org/resource/Centre-left_politics","http://dbpedia.org/resource/Isernia","Isernia","http://dbpedia.org/resource/Italy","Italy",20863
"http://dbpedia.org/resource/South_Tyrolean_People's_Party","http://dbpedia.org/resource/Jenesien","Jenesien","http://dbpedia.org/resource/Italy","Italy",2952
"http://dbpedia.org/resource/Democratic_Party_(Italy)","http://dbpedia.org/resource/Taranto","Taranto","http://dbpedia.org/resource/Italy","Italy",198585
"http://dbpedia.org/resource/The_People_of_Freedom","http://dbpedia.org/resource/Terlizzi","Terlizzi","http://dbpedia.org/resource/Italy","Italy",26983
"http://dbpedia.org/resource/Civic_List_(Italy)","http://dbpedia.org/resource/Terzorio","Terzorio","http://dbpedia.org/resource/Italy","Italy",208
"http://dbpedia.org/resource/Democratic_Party_(Italy)","http://dbpedia.org/resource/Arco,_Trentino","Arco, Trentino","http://dbpedia.org/resource/Italy","Italy",16421
"http://dbpedia.org/resource/Democratic_Party_(Italy)","http://dbpedia.org/resource/Arcore","Arcore","http://dbpedia.org/resource/Italy","Italy",17960
"http://dbpedia.org/resource/Movimento_5_Stelle","http://dbpedia.org/resource/Ardea,_Lazio","Ardea, Lazio","http://dbpedia.org/resource/Italy","Italy",49663
"http://dbpedia.org/resource/Forza_Italia","http://dbpedia.org/resource/Arezzo","Arezzo","http://dbpedia.org/resource/Italy","Italy",100734
"http://dbpedia.org/resource/Partito_Socialista_Italiano","http://dbpedia.org/resource/Ariano_Irpino","Ariano Irpino","http://dbpedia.org/resource/Italy","Italy",22535
"http://dbpedia.org/resource/Lega_Nord","http://dbpedia.org/resource/Arona,_Piedmont","Arona, Piedmont","http://dbpedia.org/resource/Italy","Italy",14547
"http://dbpedia.org/resource/Brothers_of_Italy","http://dbpedia.org/resource/Ascoli_Piceno","Ascoli Piceno","http://dbpedia.org/resource/Italy","Italy",45973
"http://dbpedia.org/resource/Five_Star_Movement","http://dbpedia.org/resource/Assemini","Assemini","http://dbpedia.org/resource/Italy","Italy",26901
"http://dbpedia.org/resource/Democratic_Party_(Italy)","http://dbpedia.org/resource/Assisi","Assisi","http://dbpedia.org/resource/Italy","Italy",27862
"http://dbpedia.org/resource/Centre-right","http://dbpedia.org/resource/Asti","Asti","http://dbpedia.org/resource/Italy","Italy",74348
"http://dbpedia.org/resource/Democratic_Party_(Italy)","http://dbpedia.org/resource/Chieti","Chieti","http://dbpedia.org/resource/Italy","Italy",49139
"http://dbpedia.org/resource/Brothers_of_Italy","http://dbpedia.org/resource/L'Aquila","L'Aquila","http://dbpedia.org/resource/Italy","Italy",70967
"http://dbpedia.org/resource/Centre-right","http://dbpedia.org/resource/La_Spezia","La Spezia","http://dbpedia.org/resource/Italy","Italy",93288
"http://dbpedia.org/resource/Brothers_of_Italy","http://dbpedia.org/resource/Ladispoli","Ladispoli","http://dbpedia.org/resource/Italy","Italy",41084
"http://dbpedia.org/resource/Dive_Party_(Italy)","http://dbpedia.org/resource/Lamporecchio","Lamporecchio","http://dbpedia.org/resource/Italy","Italy",7524
"http://dbpedia.org/resource/South_Tyrolean_People's_Party","http://dbpedia.org/resource/Lana,_South_Tyrol","Lana, South Tyrol","http://dbpedia.org/resource/Italy","Italy",11206
"http://dbpedia.org/resource/South_Tyrolean_People's_Party","http://dbpedia.org/resource/Laurein","Laurein","http://dbpedia.org/resource/Italy","Italy",346
"http://dbpedia.org/resource/Civic_List_(Italy)","http://dbpedia.org/resource/Lavarone","Lavarone","http://dbpedia.org/resource/Italy","Italy",1109
"http://dbpedia.org/resource/Centre-left_coalition_(Italy)","http://dbpedia.org/resource/Sulmona","Sulmona","http://dbpedia.org/resource/Italy","Italy",24221
"http://dbpedia.org/resource/Lega_Nord","http://dbpedia.org/resource/Diano_Marina","Diano Marina","http://dbpedia.org/resource/Italy","Italy",5915
"http://dbpedia.org/resource/Democratic_Party_(Italy)","http://dbpedia.org/resource/Mantua","Mantua","http://dbpedia.org/resource/Italy","Italy",48353
"http://dbpedia.org/resource/FDP.The_Liberals","http://dbpedia.org/resource/Grenchen","Grenchen","http://dbpedia.org/resource/Switzerland","Switzerland",2007
"http://dbpedia.org/resource/FDP.The_Liberals","http://dbpedia.org/resource/Arogno","Arogno","http://dbpedia.org/resource/Switzerland","Switzerland",970
"http://dbpedia.org/resource/FDP.The_Liberals","http://dbpedia.org/resource/Arogno","Arogno","http://dbpedia.org/resource/Switzerland","Switzerland",2002
"http://dbpedia.org/resource/Christian_Democratic_People's_Party_of_Switzerland","http://dbpedia.org/resource/Arosa","Arosa","http://dbpedia.org/resource/Switzerland","Switzerland",2015
"http://dbpedia.org/resource/Christian_Democratic_People's_Party_of_Switzerland","http://dbpedia.org/resource/Arosa","Arosa","http://dbpedia.org/resource/Switzerland","Switzerland",3205
"http://dbpedia.org/resource/FDP.The_Liberals","http://dbpedia.org/resource/Arlesheim","Arlesheim","http://dbpedia.org/resource/Switzerland","Switzerland",
"http://dbpedia.org/resource/Free_Democratic_Party_of_Switzerland","http://dbpedia.org/resource/Heiden,_Switzerland","Heiden, Switzerland","http://dbpedia.org/resource/Switzerland","Switzerland",
"http://dbpedia.org/resource/Swiss_People's_Party","http://dbpedia.org/resource/Langenthal","Langenthal","http://dbpedia.org/resource/Switzerland","Switzerland",
"http://dbpedia.org/resource/Christian_Democratic_People's_Party_of_Switzerland","http://dbpedia.org/resource/Grellingen","Grellingen","http://dbpedia.org/resource/Switzerland","Switzerland",
"http://dbpedia.org/resource/Christian_Democratic_People's_Party_of_Switzerland","http://dbpedia.org/resource/Arth","Arth","http://dbpedia.org/resource/Switzerland","Switzerland",
"http://dbpedia.org/resource/Social_Democratic_Party_of_Switzerland","http://dbpedia.org/resource/Lausanne","Lausanne","http://dbpedia.org/resource/Switzerland","Switzerland",
"http://dbpedia.org/resource/Christian_Democratic_People's_Party_of_Switzerland","http://dbpedia.org/resource/Thalwil","Thalwil","http://dbpedia.org/resource/Switzerland","Switzerland",
"http://dbpedia.org/resource/Lega_Nord","http://dbpedia.org/resource/Sondrio","Sondrio","http://dbpedia.org/resource/Italy","Italy",21588
"http://dbpedia.org/resource/Civic_list_(Italy)","http://dbpedia.org/resource/Sermoneta","Sermoneta","http://dbpedia.org/resource/Italy","Italy",9836
"http://dbpedia.org/resource/Partito_Democratico","http://dbpedia.org/resource/Pontassieve","Pontassieve","http://dbpedia.org/resource/Italy","Italy",20622
"http://dbpedia.org/resource/Democratic_Party_(Italy)","http://dbpedia.org/resource/Omegna","Omegna","http://dbpedia.org/resource/Italy","Italy",15591
"http://dbpedia.org/resource/Civic_List_(Italy)","http://dbpedia.org/resource/Poggio_Catino","Poggio Catino","http://dbpedia.org/resource/Italy","Italy",1335
"http://dbpedia.org/resource/Democratic_Party_(Italy)","http://dbpedia.org/resource/Spoltore","Spoltore","http://dbpedia.org/resource/Italy","Italy",17250
"http://dbpedia.org/resource/South_Tyrolean_People's_Party","http://dbpedia.org/resource/Ratschings","Ratschings","http://dbpedia.org/resource/Italy","Italy",4363
"http://dbpedia.org/resource/Civic_list_(Italy)","http://dbpedia.org/resource/Pontinia","Pontinia","http://dbpedia.org/resource/Italy","Italy",15026
"http://dbpedia.org/resource/Centre-left_(Italy)","http://dbpedia.org/resource/Piacenza","Piacenza","http://dbpedia.org/resource/Italy","Italy",103607
"http://dbpedia.org/resource/Independent_(politics)","http://dbpedia.org/resource/Naples","Naples","http://dbpedia.org/resource/Italy","Italy",910439
"http://dbpedia.org/resource/Partito_dei_Comunisti_Italiani","http://dbpedia.org/resource/Polistena","Polistena","http://dbpedia.org/resource/Italy","Italy",10367
"http://dbpedia.org/resource/Lega_Nord","http://dbpedia.org/resource/Senago","Senago","http://dbpedia.org/resource/Italy","Italy",22
"http://dbpedia.org/resource/Democratic_Party_(Italy)","http://dbpedia.org/resource/Porto_San_Giorgio","Porto San Giorgio","http://dbpedia.org/resource/Italy","Italy",15692
"http://dbpedia.org/resource/Center-Right","http://dbpedia.org/resource/Sesto_San_Giovanni","Sesto San Giovanni","http://dbpedia.org/resource/Italy","Italy",81822
"http://dbpedia.org/resource/Civic_list_(Italy)","http://dbpedia.org/resource/Spigno_Saturnia","Spigno Saturnia","http://dbpedia.org/resource/Italy","Italy",2963
"http://dbpedia.org/resource/Democratic_Party_(Italy)","http://dbpedia.org/resource/Pontecagnano_Faiano","Pontecagnano Faiano","http://dbpedia.org/resource/Italy","Italy",26165
"http://dbpedia.org/resource/Lega_Nord","http://dbpedia.org/resource/Oppeano","Oppeano","http://dbpedia.org/resource/Italy","Italy",9005
"http://dbpedia.org/resource/Democratic_Party_(Italy)","http://dbpedia.org/resource/Martina_Franca","Martina Franca","http://dbpedia.org/resource/Italy","Italy",48884
"http://dbpedia.org/resource/Democratic_Party_(Italy)","http://dbpedia.org/resource/Imola","Imola","http://dbpedia.org/resource/Italy","Italy",69332
"http://dbpedia.org/resource/Centre-left","http://dbpedia.org/resource/Poggio_a_Caiano","Poggio a Caiano","http://dbpedia.org/resource/Italy","Italy",10019
"http://dbpedia.org/resource/Democratic_Party_(Italy)","http://dbpedia.org/resource/Ravenna","Ravenna","http://dbpedia.org/resource/Italy","Italy",158784
"http://dbpedia.org/resource/Civic_list_(Italy)","http://dbpedia.org/resource/Ponza,_Lazio","Ponza, Lazio","http://dbpedia.org/resource/Italy","Italy",3339
"http://dbpedia.org/resource/Italian_Left","http://dbpedia.org/resource/Sesto_Fiorentino","Sesto Fiorentino","http://dbpedia.org/resource/Italy","Italy",48946
"http://dbpedia.org/resource/Lega_Nord","http://dbpedia.org/resource/Sovico","Sovico","http://dbpedia.org/resource/Italy","Italy",8359
"http://dbpedia.org/resource/Democratic_Party_(Italy)","http://dbpedia.org/resource/Ponte_di_Legno","Ponte di Legno","http://dbpedia.org/resource/Italy","Italy",1729
"http://dbpedia.org/resource/Right-wing_(politics)","http://dbpedia.org/resource/Onore","Onore","http://dbpedia.org/resource/Italy","Italy",799
"http://dbpedia.org/resource/Civic_list_(Italy)","http://dbpedia.org/resource/Sezze","Sezze","http://dbpedia.org/resource/Italy","Italy",23622
"http://dbpedia.org/resource/Lega_Nord","http://dbpedia.org/resource/Portogruaro","Portogruaro","http://dbpedia.org/resource/Italy","Italy",25219
"http://dbpedia.org/resource/Democratic_Party_(Italy)","http://dbpedia.org/resource/Orvieto","Orvieto","http://dbpedia.org/resource/Italy","Italy",20253
"http://dbpedia.org/resource/Five_Star_Movement","http://dbpedia.org/resource/Pomezia","Pomezia","http://dbpedia.org/resource/Italy","Italy",57114
"http://dbpedia.org/resource/Centre-right_coalition_(Italy)","http://dbpedia.org/resource/Senigallia","Senigallia","http://dbpedia.org/resource/Italy","Italy",44632
"http://dbpedia.org/resource/Democratic_Party_(Italy)","http://dbpedia.org/resource/Narni","Narni","http://dbpedia.org/resource/Italy","Italy",19252
"http://dbpedia.org/resource/Democratic_Party_(Italy)","http://dbpedia.org/resource/Pieve_Emanuele","Pieve Emanuele","http://dbpedia.org/resource/Italy","Italy",16179
"http://dbpedia.org/resource/Democratic_Party_(Italy)","http://dbpedia.org/resource/Pontedera","Pontedera","http://dbpedia.org/resource/Italy","Italy",29270
"http://dbpedia.org/resource/Lega_Nord","http://dbpedia.org/resource/Spinea","Spinea","http://dbpedia.org/resource/Italy","Italy",27446
"http://dbpedia.org/resource/Christian_Democratic_People's_Party_of_Switzerland","http://dbpedia.org/resource/Naters","Naters","http://dbpedia.org/resource/Switzerland","Switzerland",7810
"http://dbpedia.org/resource/Christian_Democratic_People's_Party_of_Switzerland","http://dbpedia.org/resource/Rapperswil-Jona","Rapperswil-Jona","http://dbpedia.org/resource/Switzerland","Switzerland",2019
"http://dbpedia.org/resource/Christian_Democratic_People's_Party_of_Switzerland","http://dbpedia.org/resource/Naters","Naters","http://dbpedia.org/resource/Switzerland","Switzerland",2005
"http://dbpedia.org/resource/Christian_Democratic_People's_Party_of_Switzerland","http://dbpedia.org/resource/Rapperswil-Jona","Rapperswil-Jona","http://dbpedia.org/resource/Switzerland","Switzerland",27047
"http://dbpedia.org/resource/Christian_Democratic_People's_Party_of_Switzerland","http://dbpedia.org/resource/Kriens","Kriens","http://dbpedia.org/resource/Switzerland","Switzerland",
"http://dbpedia.org/resource/Social_Democratic_Party_of_Switzerland","http://dbpedia.org/resource/Olten","Olten","http://dbpedia.org/resource/Switzerland","Switzerland",
"http://dbpedia.org/resource/Social_Democratic_Party_of_Switzerland","http://dbpedia.org/resource/Solothurn","Solothurn","http://dbpedia.org/resource/Switzerland","Switzerland",
"http://dbpedia.org/resource/FDP.The_Liberals","http://dbpedia.org/resource/Neuchâtel","Neuchâtel","http://dbpedia.org/resource/Switzerland","Switzerland",
